participant,prime,target,rt
1,positiveprime,positivetarget,1502
2,positiveprime,positivetarget,1535
3,positiveprime,positivetarget,1563
4,positiveprime,positivetarget,1492
5,positiveprime,positivetarget,1560
6,positiveprime,positivetarget,1552
7,positiveprime,positivetarget,1554
8,positiveprime,positivetarget,1606
9,positiveprime,positivetarget,1489
10,positiveprime,positivetarget,1613
11,positiveprime,positivetarget,1513
12,positiveprime,positivetarget,1493
13,positiveprime,positivetarget,1514
14,positiveprime,positivetarget,1563
15,positiveprime,positivetarget,1558
16,positiveprime,positivetarget,1535
17,positiveprime,positivetarget,1502
18,positiveprime,positivetarget,1518
19,positiveprime,positivetarget,1611
20,positiveprime,positivetarget,1560
21,positiveprime,positivetarget,1521
22,positiveprime,positivetarget,1503
23,positiveprime,positivetarget,1540
24,positiveprime,positivetarget,1467
25,positiveprime,positivetarget,1526
26,positiveprime,positivetarget,1513
27,positiveprime,positivetarget,1608
28,positiveprime,positivetarget,1601
29,positiveprime,positivetarget,1546
30,positiveprime,positivetarget,1493
31,positiveprime,positivetarget,1595
32,positiveprime,positivetarget,1593
33,positiveprime,positivetarget,1586
34,positiveprime,positivetarget,1587
35,positiveprime,positivetarget,1532
36,positiveprime,positivetarget,1585
37,positiveprime,positivetarget,1615
38,positiveprime,positivetarget,1552
39,positiveprime,positivetarget,1501
40,positiveprime,positivetarget,1590
41,positiveprime,positivetarget,1589
42,positiveprime,positivetarget,1534
43,positiveprime,positivetarget,1635
44,positiveprime,positivetarget,1510
45,positiveprime,positivetarget,1567
46,positiveprime,positivetarget,1437
47,positiveprime,positivetarget,1542
48,positiveprime,positivetarget,1607
49,positiveprime,positivetarget,1527
50,positiveprime,positivetarget,1505
51,positiveprime,positivetarget,1586
52,positiveprime,positivetarget,1510
53,positiveprime,positivetarget,1563
54,positiveprime,positivetarget,1463
55,positiveprime,positivetarget,1479
56,positiveprime,positivetarget,1527
57,positiveprime,positivetarget,1498
58,positiveprime,positivetarget,1618
59,positiveprime,positivetarget,1596
60,positiveprime,positivetarget,1511
61,positiveprime,positivetarget,1579
62,positiveprime,positivetarget,1596
63,positiveprime,positivetarget,1563
64,positiveprime,positivetarget,1568
65,positiveprime,positivetarget,1609
66,positiveprime,positivetarget,1526
67,positiveprime,positivetarget,1529
68,positiveprime,positivetarget,1598
69,positiveprime,positivetarget,1486
70,positiveprime,positivetarget,1559
71,positiveprime,positivetarget,1548
72,positiveprime,positivetarget,1573
73,positiveprime,positivetarget,1601
74,positiveprime,positivetarget,1563
75,positiveprime,positivetarget,1562
76,positiveprime,positivetarget,1587
77,positiveprime,positivetarget,1611
78,positiveprime,positivetarget,1569
79,positiveprime,positivetarget,1501
80,positiveprime,positivetarget,1542
81,positiveprime,positivetarget,1637
82,positiveprime,positivetarget,1532
83,positiveprime,positivetarget,1584
84,positiveprime,positivetarget,1611
85,positiveprime,positivetarget,1590
86,positiveprime,positivetarget,1550
87,positiveprime,positivetarget,1561
88,positiveprime,positivetarget,1506
89,positiveprime,positivetarget,1572
90,positiveprime,positivetarget,1506
91,positiveprime,positivetarget,1507
92,positiveprime,positivetarget,1501
93,positiveprime,positivetarget,1517
94,positiveprime,positivetarget,1603
95,positiveprime,positivetarget,1530
96,positiveprime,positivetarget,1546
97,positiveprime,positivetarget,1527
98,positiveprime,positivetarget,1577
99,positiveprime,positivetarget,1597
100,positiveprime,positivetarget,1540
101,positiveprime,positivetarget,1581
102,positiveprime,positivetarget,1530
103,positiveprime,positivetarget,1603
104,positiveprime,positivetarget,1580
105,positiveprime,positivetarget,1601
106,positiveprime,positivetarget,1580
107,positiveprime,positivetarget,1560
108,positiveprime,positivetarget,1455
109,positiveprime,positivetarget,1516
110,positiveprime,positivetarget,1574
111,positiveprime,positivetarget,1527
112,positiveprime,positivetarget,1536
113,positiveprime,positivetarget,1529
114,positiveprime,positivetarget,1631
115,positiveprime,positivetarget,1514
116,positiveprime,positivetarget,1527
117,positiveprime,positivetarget,1551
118,positiveprime,positivetarget,1561
119,positiveprime,positivetarget,1559
120,positiveprime,positivetarget,1547
121,positiveprime,positivetarget,1475
122,positiveprime,positivetarget,1568
123,positiveprime,positivetarget,1576
124,positiveprime,positivetarget,1526
125,positiveprime,positivetarget,1584
126,positiveprime,positivetarget,1512
127,positiveprime,positivetarget,1569
128,positiveprime,positivetarget,1517
129,positiveprime,positivetarget,1464
130,positiveprime,positivetarget,1608
131,positiveprime,positivetarget,1585
132,positiveprime,positivetarget,1557
133,positiveprime,positivetarget,1625
134,positiveprime,positivetarget,1468
135,positiveprime,positivetarget,1556
136,positiveprime,positivetarget,1430
137,positiveprime,positivetarget,1622
138,positiveprime,positivetarget,1506
139,positiveprime,positivetarget,1485
140,positiveprime,positivetarget,1506
141,positiveprime,positivetarget,1492
142,positiveprime,positivetarget,1451
143,positiveprime,positivetarget,1501
144,positiveprime,positivetarget,1542
145,positiveprime,positivetarget,1596
146,positiveprime,positivetarget,1570
147,positiveprime,positivetarget,1488
148,positiveprime,positivetarget,1518
1,positiveprime,negativetarget,1657
2,positiveprime,negativetarget,1581
3,positiveprime,negativetarget,1495
4,positiveprime,negativetarget,1692
5,positiveprime,negativetarget,1584
6,positiveprime,negativetarget,1603
7,positiveprime,negativetarget,1614
8,positiveprime,negativetarget,1571
9,positiveprime,negativetarget,1563
10,positiveprime,negativetarget,1511
11,positiveprime,negativetarget,1494
12,positiveprime,negativetarget,1683
13,positiveprime,negativetarget,1527
14,positiveprime,negativetarget,1606
15,positiveprime,negativetarget,1608
16,positiveprime,negativetarget,1640
17,positiveprime,negativetarget,1652
18,positiveprime,negativetarget,1595
19,positiveprime,negativetarget,1621
20,positiveprime,negativetarget,1504
21,positiveprime,negativetarget,1593
22,positiveprime,negativetarget,1621
23,positiveprime,negativetarget,1572
24,positiveprime,negativetarget,1539
25,positiveprime,negativetarget,1572
26,positiveprime,negativetarget,1532
27,positiveprime,negativetarget,1535
28,positiveprime,negativetarget,1618
29,positiveprime,negativetarget,1668
30,positiveprime,negativetarget,1475
31,positiveprime,negativetarget,1480
32,positiveprime,negativetarget,1508
33,positiveprime,negativetarget,1576
34,positiveprime,negativetarget,1516
35,positiveprime,negativetarget,1580
36,positiveprime,negativetarget,1572
37,positiveprime,negativetarget,1538
38,positiveprime,negativetarget,1533
39,positiveprime,negativetarget,1494
40,positiveprime,negativetarget,1594
41,positiveprime,negativetarget,1668
42,positiveprime,negativetarget,1539
43,positiveprime,negativetarget,1492
44,positiveprime,negativetarget,1526
45,positiveprime,negativetarget,1592
46,positiveprime,negativetarget,1599
47,positiveprime,negativetarget,1694
48,positiveprime,negativetarget,1491
49,positiveprime,negativetarget,1563
50,positiveprime,negativetarget,1550
51,positiveprime,negativetarget,1497
52,positiveprime,negativetarget,1527
53,positiveprime,negativetarget,1493
54,positiveprime,negativetarget,1574
55,positiveprime,negativetarget,1614
56,positiveprime,negativetarget,1478
57,positiveprime,negativetarget,1537
58,positiveprime,negativetarget,1633
59,positiveprime,negativetarget,1476
60,positiveprime,negativetarget,1638
61,positiveprime,negativetarget,1485
62,positiveprime,negativetarget,1501
63,positiveprime,negativetarget,1542
64,positiveprime,negativetarget,1514
65,positiveprime,negativetarget,1602
66,positiveprime,negativetarget,1536
67,positiveprime,negativetarget,1596
68,positiveprime,negativetarget,1529
69,positiveprime,negativetarget,1577
70,positiveprime,negativetarget,1651
71,positiveprime,negativetarget,1633
72,positiveprime,negativetarget,1581
73,positiveprime,negativetarget,1570
74,positiveprime,negativetarget,1644
75,positiveprime,negativetarget,1512
76,positiveprime,negativetarget,1593
77,positiveprime,negativetarget,1532
78,positiveprime,negativetarget,1682
79,positiveprime,negativetarget,1545
80,positiveprime,negativetarget,1554
81,positiveprime,negativetarget,1608
82,positiveprime,negativetarget,1590
83,positiveprime,negativetarget,1500
84,positiveprime,negativetarget,1545
85,positiveprime,negativetarget,1580
86,positiveprime,negativetarget,1476
87,positiveprime,negativetarget,1524
88,positiveprime,negativetarget,1547
89,positiveprime,negativetarget,1510
90,positiveprime,negativetarget,1514
91,positiveprime,negativetarget,1582
92,positiveprime,negativetarget,1544
93,positiveprime,negativetarget,1546
94,positiveprime,negativetarget,1624
95,positiveprime,negativetarget,1575
96,positiveprime,negativetarget,1624
97,positiveprime,negativetarget,1612
98,positiveprime,negativetarget,1593
99,positiveprime,negativetarget,1544
100,positiveprime,negativetarget,1583
101,positiveprime,negativetarget,1584
102,positiveprime,negativetarget,1687
103,positiveprime,negativetarget,1533
104,positiveprime,negativetarget,1628
105,positiveprime,negativetarget,1567
106,positiveprime,negativetarget,1521
107,positiveprime,negativetarget,1654
108,positiveprime,negativetarget,1588
109,positiveprime,negativetarget,1468
110,positiveprime,negativetarget,1532
111,positiveprime,negativetarget,1559
112,positiveprime,negativetarget,1452
113,positiveprime,negativetarget,1649
114,positiveprime,negativetarget,1598
115,positiveprime,negativetarget,1536
116,positiveprime,negativetarget,1536
117,positiveprime,negativetarget,1577
118,positiveprime,negativetarget,1511
119,positiveprime,negativetarget,1533
120,positiveprime,negativetarget,1563
121,positiveprime,negativetarget,1565
122,positiveprime,negativetarget,1618
123,positiveprime,negativetarget,1580
124,positiveprime,negativetarget,1553
125,positiveprime,negativetarget,1541
126,positiveprime,negativetarget,1624
127,positiveprime,negativetarget,1525
128,positiveprime,negativetarget,1588
129,positiveprime,negativetarget,1575
130,positiveprime,negativetarget,1571
131,positiveprime,negativetarget,1606
132,positiveprime,negativetarget,1516
133,positiveprime,negativetarget,1560
134,positiveprime,negativetarget,1550
135,positiveprime,negativetarget,1448
136,positiveprime,negativetarget,1584
137,positiveprime,negativetarget,1641
138,positiveprime,negativetarget,1500
139,positiveprime,negativetarget,1643
140,positiveprime,negativetarget,1570
141,positiveprime,negativetarget,1629
142,positiveprime,negativetarget,1517
143,positiveprime,negativetarget,1594
144,positiveprime,negativetarget,1531
145,positiveprime,negativetarget,1526
146,positiveprime,negativetarget,1579
147,positiveprime,negativetarget,1626
148,positiveprime,negativetarget,1576
1,negativeprime,positivetarget,1535
2,negativeprime,positivetarget,1623
3,negativeprime,positivetarget,1545
4,negativeprime,positivetarget,1601
5,negativeprime,positivetarget,1497
6,negativeprime,positivetarget,1598
7,negativeprime,positivetarget,1520
8,negativeprime,positivetarget,1541
9,negativeprime,positivetarget,1492
10,negativeprime,positivetarget,1736
11,negativeprime,positivetarget,1499
12,negativeprime,positivetarget,1570
13,negativeprime,positivetarget,1565
14,negativeprime,positivetarget,1516
15,negativeprime,positivetarget,1573
16,negativeprime,positivetarget,1593
17,negativeprime,positivetarget,1598
18,negativeprime,positivetarget,1448
19,negativeprime,positivetarget,1515
20,negativeprime,positivetarget,1552
21,negativeprime,positivetarget,1557
22,negativeprime,positivetarget,1535
23,negativeprime,positivetarget,1586
24,negativeprime,positivetarget,1562
25,negativeprime,positivetarget,1514
26,negativeprime,positivetarget,1606
27,negativeprime,positivetarget,1543
28,negativeprime,positivetarget,1565
29,negativeprime,positivetarget,1666
30,negativeprime,positivetarget,1570
31,negativeprime,positivetarget,1512
32,negativeprime,positivetarget,1546
33,negativeprime,positivetarget,1568
34,negativeprime,positivetarget,1504
35,negativeprime,positivetarget,1464
36,negativeprime,positivetarget,1536
37,negativeprime,positivetarget,1587
38,negativeprime,positivetarget,1514
39,negativeprime,positivetarget,1594
40,negativeprime,positivetarget,1636
41,negativeprime,positivetarget,1570
42,negativeprime,positivetarget,1645
43,negativeprime,positivetarget,1574
44,negativeprime,positivetarget,1531
45,negativeprime,positivetarget,1552
46,negativeprime,positivetarget,1684
47,negativeprime,positivetarget,1614
48,negativeprime,positivetarget,1577
49,negativeprime,positivetarget,1571
50,negativeprime,positivetarget,1563
51,negativeprime,positivetarget,1575
52,negativeprime,positivetarget,1635
53,negativeprime,positivetarget,1591
54,negativeprime,positivetarget,1564
55,negativeprime,positivetarget,1440
56,negativeprime,positivetarget,1562
57,negativeprime,positivetarget,1577
58,negativeprime,positivetarget,1582
59,negativeprime,positivetarget,1571
60,negativeprime,positivetarget,1566
61,negativeprime,positivetarget,1460
62,negativeprime,positivetarget,1635
63,negativeprime,positivetarget,1578
64,negativeprime,positivetarget,1582
65,negativeprime,positivetarget,1598
66,negativeprime,positivetarget,1580
67,negativeprime,positivetarget,1461
68,negativeprime,positivetarget,1506
69,negativeprime,positivetarget,1613
70,negativeprime,positivetarget,1666
71,negativeprime,positivetarget,1535
72,negativeprime,positivetarget,1580
73,negativeprime,positivetarget,1662
74,negativeprime,positivetarget,1550
75,negativeprime,positivetarget,1629
76,negativeprime,positivetarget,1534
77,negativeprime,positivetarget,1524
78,negativeprime,positivetarget,1551
79,negativeprime,positivetarget,1540
80,negativeprime,positivetarget,1601
81,negativeprime,positivetarget,1521
82,negativeprime,positivetarget,1513
83,negativeprime,positivetarget,1581
84,negativeprime,positivetarget,1665
85,negativeprime,positivetarget,1538
86,negativeprime,positivetarget,1505
87,negativeprime,positivetarget,1534
88,negativeprime,positivetarget,1536
89,negativeprime,positivetarget,1566
90,negativeprime,positivetarget,1556
91,negativeprime,positivetarget,1542
92,negativeprime,positivetarget,1458
93,negativeprime,positivetarget,1522
94,negativeprime,positivetarget,1481
95,negativeprime,positivetarget,1546
96,negativeprime,positivetarget,1525
97,negativeprime,positivetarget,1551
98,negativeprime,positivetarget,1549
99,negativeprime,positivetarget,1606
100,negativeprime,positivetarget,1504
101,negativeprime,positivetarget,1527
102,negativeprime,positivetarget,1516
103,negativeprime,positivetarget,1553
104,negativeprime,positivetarget,1575
105,negativeprime,positivetarget,1668
106,negativeprime,positivetarget,1604
107,negativeprime,positivetarget,1585
108,negativeprime,positivetarget,1566
109,negativeprime,positivetarget,1545
110,negativeprime,positivetarget,1599
111,negativeprime,positivetarget,1666
112,negativeprime,positivetarget,1587
113,negativeprime,positivetarget,1637
114,negativeprime,positivetarget,1643
115,negativeprime,positivetarget,1536
116,negativeprime,positivetarget,1542
117,negativeprime,positivetarget,1534
118,negativeprime,positivetarget,1580
119,negativeprime,positivetarget,1544
120,negativeprime,positivetarget,1526
121,negativeprime,positivetarget,1642
122,negativeprime,positivetarget,1526
123,negativeprime,positivetarget,1544
124,negativeprime,positivetarget,1528
125,negativeprime,positivetarget,1592
126,negativeprime,positivetarget,1561
127,negativeprime,positivetarget,1571
128,negativeprime,positivetarget,1548
129,negativeprime,positivetarget,1561
130,negativeprime,positivetarget,1498
131,negativeprime,positivetarget,1500
132,negativeprime,positivetarget,1574
133,negativeprime,positivetarget,1646
134,negativeprime,positivetarget,1507
135,negativeprime,positivetarget,1554
136,negativeprime,positivetarget,1528
137,negativeprime,positivetarget,1607
138,negativeprime,positivetarget,1656
139,negativeprime,positivetarget,1510
140,negativeprime,positivetarget,1587
141,negativeprime,positivetarget,1562
142,negativeprime,positivetarget,1544
143,negativeprime,positivetarget,1574
144,negativeprime,positivetarget,1543
145,negativeprime,positivetarget,1566
146,negativeprime,positivetarget,1587
147,negativeprime,positivetarget,1617
148,negativeprime,positivetarget,1496
1,negativeprime,negativetarget,1596
2,negativeprime,negativetarget,1508
3,negativeprime,negativetarget,1479
4,negativeprime,negativetarget,1417
5,negativeprime,negativetarget,1592
6,negativeprime,negativetarget,1669
7,negativeprime,negativetarget,1551
8,negativeprime,negativetarget,1468
9,negativeprime,negativetarget,1574
10,negativeprime,negativetarget,1499
11,negativeprime,negativetarget,1605
12,negativeprime,negativetarget,1493
13,negativeprime,negativetarget,1549
14,negativeprime,negativetarget,1565
15,negativeprime,negativetarget,1710
16,negativeprime,negativetarget,1554
17,negativeprime,negativetarget,1579
18,negativeprime,negativetarget,1576
19,negativeprime,negativetarget,1528
20,negativeprime,negativetarget,1516
21,negativeprime,negativetarget,1658
22,negativeprime,negativetarget,1580
23,negativeprime,negativetarget,1531
24,negativeprime,negativetarget,1586
25,negativeprime,negativetarget,1635
26,negativeprime,negativetarget,1604
27,negativeprime,negativetarget,1589
28,negativeprime,negativetarget,1553
29,negativeprime,negativetarget,1496
30,negativeprime,negativetarget,1550
31,negativeprime,negativetarget,1652
32,negativeprime,negativetarget,1494
33,negativeprime,negativetarget,1607
34,negativeprime,negativetarget,1519
35,negativeprime,negativetarget,1440
36,negativeprime,negativetarget,1489
37,negativeprime,negativetarget,1548
38,negativeprime,negativetarget,1630
39,negativeprime,negativetarget,1596
40,negativeprime,negativetarget,1591
41,negativeprime,negativetarget,1601
42,negativeprime,negativetarget,1526
43,negativeprime,negativetarget,1632
44,negativeprime,negativetarget,1518
45,negativeprime,negativetarget,1481
46,negativeprime,negativetarget,1537
47,negativeprime,negativetarget,1634
48,negativeprime,negativetarget,1423
49,negativeprime,negativetarget,1551
50,negativeprime,negativetarget,1648
51,negativeprime,negativetarget,1531
52,negativeprime,negativetarget,1596
53,negativeprime,negativetarget,1478
54,negativeprime,negativetarget,1494
55,negativeprime,negativetarget,1501
56,negativeprime,negativetarget,1547
57,negativeprime,negativetarget,1443
58,negativeprime,negativetarget,1487
59,negativeprime,negativetarget,1554
60,negativeprime,negativetarget,1559
61,negativeprime,negativetarget,1559
62,negativeprime,negativetarget,1561
63,negativeprime,negativetarget,1518
64,negativeprime,negativetarget,1563
65,negativeprime,negativetarget,1527
66,negativeprime,negativetarget,1490
67,negativeprime,negativetarget,1556
68,negativeprime,negativetarget,1498
69,negativeprime,negativetarget,1540
70,negativeprime,negativetarget,1501
71,negativeprime,negativetarget,1553
72,negativeprime,negativetarget,1444
73,negativeprime,negativetarget,1599
74,negativeprime,negativetarget,1569
75,negativeprime,negativetarget,1586
76,negativeprime,negativetarget,1644
77,negativeprime,negativetarget,1530
78,negativeprime,negativetarget,1556
79,negativeprime,negativetarget,1520
80,negativeprime,negativetarget,1571
81,negativeprime,negativetarget,1523
82,negativeprime,negativetarget,1608
83,negativeprime,negativetarget,1582
84,negativeprime,negativetarget,1544
85,negativeprime,negativetarget,1559
86,negativeprime,negativetarget,1524
87,negativeprime,negativetarget,1553
88,negativeprime,negativetarget,1541
89,negativeprime,negativetarget,1480
90,negativeprime,negativetarget,1561
91,negativeprime,negativetarget,1506
92,negativeprime,negativetarget,1542
93,negativeprime,negativetarget,1538
94,negativeprime,negativetarget,1549
95,negativeprime,negativetarget,1534
96,negativeprime,negativetarget,1529
97,negativeprime,negativetarget,1499
98,negativeprime,negativetarget,1605
99,negativeprime,negativetarget,1591
100,negativeprime,negativetarget,1558
101,negativeprime,negativetarget,1552
102,negativeprime,negativetarget,1604
103,negativeprime,negativetarget,1569
104,negativeprime,negativetarget,1496
105,negativeprime,negativetarget,1559
106,negativeprime,negativetarget,1629
107,negativeprime,negativetarget,1537
108,negativeprime,negativetarget,1567
109,negativeprime,negativetarget,1544
110,negativeprime,negativetarget,1500
111,negativeprime,negativetarget,1499
112,negativeprime,negativetarget,1592
113,negativeprime,negativetarget,1592
114,negativeprime,negativetarget,1573
115,negativeprime,negativetarget,1487
116,negativeprime,negativetarget,1495
117,negativeprime,negativetarget,1455
118,negativeprime,negativetarget,1575
119,negativeprime,negativetarget,1515
120,negativeprime,negativetarget,1639
121,negativeprime,negativetarget,1538
122,negativeprime,negativetarget,1444
123,negativeprime,negativetarget,1521
124,negativeprime,negativetarget,1524
125,negativeprime,negativetarget,1576
126,negativeprime,negativetarget,1519
127,negativeprime,negativetarget,1560
128,negativeprime,negativetarget,1479
129,negativeprime,negativetarget,1570
130,negativeprime,negativetarget,1608
131,negativeprime,negativetarget,1566
132,negativeprime,negativetarget,1499
133,negativeprime,negativetarget,1555
134,negativeprime,negativetarget,1600
135,negativeprime,negativetarget,1605
136,negativeprime,negativetarget,1564
137,negativeprime,negativetarget,1530
138,negativeprime,negativetarget,1614
139,negativeprime,negativetarget,1537
140,negativeprime,negativetarget,1493
141,negativeprime,negativetarget,1563
142,negativeprime,negativetarget,1582
143,negativeprime,negativetarget,1480
144,negativeprime,negativetarget,1474
145,negativeprime,negativetarget,1535
146,negativeprime,negativetarget,1575
147,negativeprime,negativetarget,1505
148,negativeprime,negativetarget,1471
